<?xml version="1.0" encoding="UTF-8"?>
<!DOCTYPE suite SYSTEM "http://testng.org/testng-1.0.dtd">
<suite name="Suite">
  <test name="firefoxTestCases">
    <parameter name = "browser" value = "firefox"/>
  <classes>
<class name="directspecials_package.DiffBrowsers_UserOptions"/>
  </classes>
  </test> <!-- Test -->
    <test name="chromeTestCases">
    <parameter name = "browser" value = "chrome"/>
  <classes>
<class name="directspecials_package.DiffBrowsers_UserOptions"/>
  </classes>
  </test>
    <test name="ieTestCases">
    <parameter name = "browser" value = "ie"/>
  <classes>
<class name="directspecials_package.DiffBrowsers_UserOptions"/>
  </classes>
  </test>
</suite> <!-- Suite -->
