<?xml version="1.0" encoding="UTF-8"?>
<!DOCTYPE suite SYSTEM "http://testng.org/testng-1.0.dtd">
<suite name="Suite">
  <test name="firefoxTestCases">
  
  <parameter name = "browser" value = "firefox"/>
    
    <classes>
    
      <class name="directspecials_package.DiffBrowsers_DataDriven"/>
  
    </classes>
  </test> <!-- Test -->
  
    <test name="ChromeTestCases">
  
  <parameter name = "browser" value = "chrome"/>
    
    <classes>
    
      <class name="directspecials_package.DiffBrowsers_DataDriven"/>
  
    </classes>
  </test>
  
    <test name="IETestcases">
  
  <parameter name = "browser" value = "ie"/>
    
    <classes>
    
      <class name="directspecials_package.DiffBrowsers_DataDriven"/>
  
    </classes>
  </test>
</suite> <!-- Suite -->
 